{"low_perc": {"LIMIT_BAL": 20000.0, "BILL_AMT1": 0.0, "BILL_AMT2": 0.0, "BILL_AMT3": 0.0, "BILL_AMT4": 0.0, "BILL_AMT5": 0.0, "BILL_AMT6": 0.0, "PAY_AMT1": 0.0, "PAY_AMT2": 0.0, "PAY_AMT3": 0.0, "PAY_AMT4": 0.0, "PAY_AMT5": 0.0, "PAY_AMT6": 0.0}, "high_perc": {"LIMIT_BAL": 500000.0, "BILL_AMT1": 261033.02499999895, "BILL_AMT2": 251121.92499999984, "BILL_AMT3": 243170.34999999971, "BILL_AMT4": 226042.02499999947, "BILL_AMT5": 210000.17499999885, "BILL_AMT6": 204302.24999999997, "PAY_AMT1": 32005.824999999928, "PAY_AMT2": 32926.67499999951, "PAY_AMT3": 30460.7249999995, "PAY_AMT4": 30525.0, "PAY_AMT5": 30004.049999999996, "PAY_AMT6": 37017.174999999814}}